Species,Code,North America,,,,,,,
(American) Barn Owl,ABOW,1,,,,,,,
(Northern) House Wren,NHWR,1,,,,,,,
Abert's Towhee,ABTO,1,,,,,,,
Acadian Flycatcher,ACFL,1,,,,,,,
Acorn Woodpecker,ACWO,1,,,,,,,
Alder Flycatcher,ALFL,1,,,,,,,
Allen's Hummingbird,ALHU,1,,,,,,,
American Avocet,AMAV,1,,,,,,,
American Bittern,AMBI,1,,,,,,,
American Black Duck,ABDU,1,,,,,,,
American Coot,AMCO,1,,,,,,,
American Crow,AMCR,1,,,,,,,
American Dipper,AMDI,1,,,,,,,
American Golden-Plover,AMGP,1,,,,,,,
American Goldfinch,AGOL,1,,,,,,,
American Goshawk,AGOS,1,,,,,,,
American Herring Gull (Herring Gull),AHGU,1,,,,,,,
American Kestrel,AMKE,1,,,,,,,
American Oystercatcher,AMOY,1,,,,,,,
American Pipit,AMPI,1,,,,,,,
American Redstart,AMRE,1,,,,,,,
American Robin,AMRO,1,,,,,,,
American Tree Sparrow,ATSP,1,,,,,,,
American White Pelican,AWPE,1,,,,,,,
American Wigeon,AMWI,1,,,,,,,
American Woodcock,AMWO,1,,,,,,,
Anhinga,ANHI,1,,,,,,,
Anna's Hummingbird,ANHU,1,,,,,,,
Arctic Tern,ARTE,1,,,,,,,
Ash-throated Flycatcher,ATFL,1,,,,,,,
Atlantic Puffin,ATPU,1,,,,,,,
Bachman's Sparrow,BACS,1,,,,,,,
Baird's Sandpiper,BASA,1,,,,,,,
Bald Eagle,BAEA,1,,,,,,,
Baltimore Oriole,BAOR,1,,,,,,,
Band-tailed Pigeon,BTPI,1,,,,,,,
Bank Swallow,BANS,1,,,,,,,
Barn Swallow,BARS,1,,,,,,,
Barred Owl,BAOW,1,,,,,,,
Barrow's Goldeneye,BAGO,1,,,,,,,
Bay-breasted Warbler,BBWA,1,,,,,,,
Bell's Sparrow,BESP,1,,,,,,,
Bell's Vireo,BEVI,1,,,,,,,
Belted Kingfisher,BEKI,1,,,,,,,
Bewick's Wren,BEWR,1,,,,,,,
Black Guillemot,BLGU,1,,,,,,,
Black Oystercatcher,BLOY,1,,,,,,,
Black Phoebe,BLPH,1,,,,,,,
Black Scoter,BLSC,1,,,,,,,
Black Skimmer,BLSK,1,,,,,,,
Black Storm-Petrel,BLSP,1,,,,,,,
Black Tern,BLTE,1,,,,,,,
Black Turnstone,BLTU,1,,,,,,,
Black Vulture,BLVU,1,,,,,,,
Black-and-white Warbler,BAWW,1,,,,,,,
Black-bellied Plover,BBPL,1,,,,,,,
Black-bellied Whistling-Duck,BBWD,1,,,,,,,
Black-billed Cuckoo,BBCU,1,,,,,,,
Black-billed Magpie,BBMA,1,,,,,,,
Black-capped Chickadee,BCCH,1,,,,,,,
Black-chinned Hummingbird,BCHU,1,,,,,,,
Black-chinned Sparrow,BCSP,1,,,,,,,
Black-crowned Night Heron,BCNH,1,,,,,,,
Black-footed Albatross,BFAL,1,,,,,,,
Black-headed Grosbeak,BHGR,1,,,,,,,
Black-legged Kittiwake,BLKI,1,,,,,,,
Black-necked Stilt,BNST,1,,,,,,,
Black-tailed Gnatcatcher,BTGN,1,,,,,,,
Black-throated Blue Warbler,BTBW,1,,,,,,,
Black-throated Gray Warbler,BTYW,1,,,,,,,
Black-throated Green Warbler,BTNW,1,,,,,,,
Black-throated Sparrow,BTSP,1,,,,,,,
Black-vented Shearwater,BVSH,1,,,,,,,
Blackburnian Warbler,BLBW,1,,,,,,,
Blackpoll Warbler,BLPW,1,,,,,,,
Blue Grosbeak,BLGR,1,,,,,,,
Blue Jay,BLJA,1,,,,,,,
Blue-gray Gnatcatcher,BGGN,1,,,,,,,
Blue-headed Vireo,BHVI,1,,,,,,,
Blue-winged Teal,BWTE,1,,,,,,,
Blue-winged Warbler,BWWA,1,,,,,,,
Boat-tailed Grackle,BTGR,1,,,,,,,
Bobolink,BOBO,1,,,,,,,
Bonaparte's Gull,BOGU,1,,,,,,,
Boreal Chickadee,BOCH,1,,,,,,,
Brandt's Cormorant,BRAC,1,,,,,,,
Brant,BRAN,1,,,,,,,
Brewer's Blackbird,BRBL,1,,,,,,,
Brewer's Sparrow,BRSP,1,,,,,,,
Broad-tailed Hummingbird,BTHU,1,,,,,,,
Broad-winged Hawk,BWHA,1,,,,,,,
Bronzed Cowbird,BROC,1,,,,,,,
Brown Creeper,BRCR,1,,,,,,,
Brown Pelican,BRPE,1,,,,,,,
Brown Thrasher,BRTH,1,,,,,,,
Brown-crested Flycatcher,BCFL,1,,,,,,,
Brown-headed Cowbird,BHCO,1,,,,,,,
Brown-headed Nuthatch,BHNU,1,,,,,,,
Buff-breasted Sandpiper,BBSA,1,,,,,,,
Bufflehead,BUFF,1,,,,,,,
Bullock's Oriole,BUOR,1,,,,,,,
Burrowing Owl,BUOW,1,,,,,,,
Bushtit,BUSH,1,,,,,,,
Cackling Goose,CACG,1,,,,,,,
Cactus Wren,CACW,1,,,,,,,
California Gull,CAGU,1,,,,,,,
California Quail,CAQU,1,,,,,,,
California Scrub-Jay,CASJ,1,,,,,,,
California Towhee,CALT,1,,,,,,,
Calliope Hummingbird,CAHU,1,,,,,,,
Canada Goose,CANG,1,,,,,,,
Canada Jay,CAJA,1,,,,,,,
Canada Warbler,CAWA,1,,,,,,,
Canvasback,CANV,1,,,,,,,
Canyon Towhee,CANT,1,,,,,,,
Canyon Wren,CANW,1,,,,,,,
Cape May Warbler,CMWA,1,,,,,,,
Carolina Chickadee,CACH,1,,,,,,,
Carolina Wren,CARW,1,,,,,,,
Caspian Tern,CATE,1,,,,,,,
Cassin's Auklet,CAAU,1,,,,,,,
Cassin's Finch,CAFI,1,,,,,,,
Cassin's Kingbird,CAKI,1,,,,,,,
Cassin's Sparrow,CASP,1,,,,,,,
Cassin's Vireo,CAVI,1,,,,,,,
Cave Swallow,CASW,1,,,,,,,
Cedar Waxwing,CEDW,1,,,,,,,
Chestnut-backed Chickadee,CBCH,1,,,,,,,
Chestnut-collared Longspur,CCLO,1,,,,,,,
Chestnut-sided Warbler,CSWA,1,,,,,,,
Chihuahuan Meadowlark,CHME,1,,,,,,,
Chihuahuan Raven,CHRA,1,,,,,,,
Chimney Swift,CHSW,1,,,,,,,
Chipping Sparrow,CHSP,1,,,,,,,
Chuck-will's-widow,CWWI,1,,,,,,,
Cinnamon Teal,CITE,1,,,,,,,
Clapper Rail,CLRA,1,,,,,,,
Clark's Grebe,CLGR,1,,,,,,,
Clark's Nutcracker,CLNU,1,,,,,,,
Clay-colored Sparrow,CCSP,1,,,,,,,
Cliff Swallow,CLSW,1,,,,,,,
Common Eider,COEI,1,,,,,,,
Common Gallinule,COGA,1,,,,,,,
Common Goldeneye,COGO,1,,,,,,,
Common Grackle,COGR,1,,,,,,,
Common Ground Dove,CGDO,1,,,,,,,
Common Loon,COLO,1,,,,,,,
Common Merganser,COME,1,,,,,,,
Common Murre,COMU,1,,,,,,,
Common Nighthawk,CONI,1,,,,,,,
Common Poorwill,COPO,1,,,,,,,
Common Raven,CORA,1,,,,,,,
Common Redpoll (Redpoll),REDP,1,,,,,,,
Common Tern,COTE,1,,,,,,,
Common Yellowthroat,COYE,1,,,,,,,
Cooper's Hawk,COHA,1,,,,,,,
Cory's Shearwater,CORS,1,,,,,,,
Costa's Hummingbird,COHU,1,,,,,,,
Curve-billed Thrasher,CBTH,1,,,,,,,
Dark-eyed Junco,DEJU,1,,,,,,,
Dickcissel,DICK,1,,,,,,,
Double-crested Cormorant,DCCO,1,,,,,,,
Downy Woodpecker,DOWO,1,,,,,,,
Dunlin,DUNL,1,,,,,,,
Dusky Flycatcher,DUFL,1,,,,,,,
Eared Grebe,EAGR,1,,,,,,,
Eastern Bluebird,EABL,1,,,,,,,
Eastern Kingbird,EAKI,1,,,,,,,
Eastern Meadowlark,EAME,1,,,,,,,
Eastern Phoebe,EAPH,1,,,,,,,
Eastern Screech-Owl,EASO,1,,,,,,,
Eastern Towhee,EATO,1,,,,,,,
Eastern Whip-poor-will,EWPW,1,,,,,,,
Eastern Wood-Pewee,EAWP,1,,,,,,,
Elegant Tern,ELTE,1,,,,,,,
Eurasian Collared-Dove,EUCD,1,,,,,,,
European Starling,EUST,1,,,,,,,
Evening Grosbeak,EVGR,1,,,,,,,
Ferruginous Hawk,FEHA,1,,,,,,,
Field Sparrow,FISP,1,,,,,,,
Fish Crow,FICR,1,,,,,,,
Forster's Tern,FOTE,1,,,,,,,
Fox Sparrow,FOSP,1,,,,,,,
Franklin's Gull,FRGU,1,,,,,,,
Fulvous Whistling-Duck,FUWD,1,,,,,,,
Gadwall,GADW,1,,,,,,,
Gambel's Quail,GAQU,1,,,,,,,
Gila Woodpecker,GIWO,1,,,,,,,
Glaucous Gull,GLGU,1,,,,,,,
Glaucous-winged Gull,GWGU,1,,,,,,,
Glossy Ibis,GLIB,1,,,,,,,
Golden Eagle,GOEA,1,,,,,,,
Golden-crowned Kinglet,GCKI,1,,,,,,,
Golden-crowned Sparrow,GCSP,1,,,,,,,
Golden-fronted Woodpecker,GFWO,1,,,,,,,
Grace's Warbler,GRWA,1,,,,,,,
Grasshopper Sparrow,GRSP,1,,,,,,,
Gray Catbird,GRCA,1,,,,,,,
Gray Flycatcher,GRFL,1,,,,,,,
Gray-cheeked Thrush,GCTH,1,,,,,,,
Gray-crowned Rosy-Finch,GCRF,1,,,,,,,
Great Black-backed Gull,GBBG,1,,,,,,,
Great Blue Heron,GBHE,1,,,,,,,
Great Cormorant,GRCO,1,,,,,,,
Great Crested Flycatcher,GCFL,1,,,,,,,
Great Egret,GREG,1,,,,,,,
Great Horned Owl,GHOW,1,,,,,,,
Great Shearwater,GRSH,1,,,,,,,
Great-tailed Grackle,GTGR,1,,,,,,,
Greater Roadrunner,GRRO,1,,,,,,,
Greater Sage-Grouse,GRSG,1,,,,,,,
Greater Scaup,GRSC,1,,,,,,,
Greater White-fronted Goose,GWFG,1,,,,,,,
Greater Yellowlegs,GRYE,1,,,,,,,
Green Heron,GRHE,1,,,,,,,
Green-tailed Towhee,GTTO,1,,,,,,,
Green-winged Teal,GWTE,1,,,,,,,
Gull-billed Tern,GBTE,1,,,,,,,
Hairy Woodpecker,HAWO,1,,,,,,,
Hammond's Flycatcher,HAFL,1,,,,,,,
Harlequin Duck,HADU,1,,,,,,,
Harris's Hawk,HASH,1,,,,,,,
Harris's Sparrow,HASP,1,,,,,,,
Heermann's Gull,HEEG,1,,,,,,,
Hermit Thrush,HETH,1,,,,,,,
Hermit Warbler,HEWA,1,,,,,,,
Hooded Merganser,HOME,1,,,,,,,
Hooded Oriole,HOOR,1,,,,,,,
Hooded Warbler,HOWA,1,,,,,,,
Horned Grebe,HOGR,1,,,,,,,
Horned Lark,HOLA,1,,,,,,,
Horned Puffin,HOPU,1,,,,,,,
House Finch,HOFI,1,,,,,,,
House Sparrow,HOSP,1,,,,,,,
Hudsonian Godwit,HUGO,1,,,,,,,
Hutton's Vireo,HUVI,1,,,,,,,
Iceland Gull,ICGU,1,,,,,,,
Inca Dove,INDO,1,,,,,,,
Indigo Bunting,INBU,1,,,,,,,
Juniper Titmouse,JUTI,1,,,,,,,
Kentucky Warbler,KEWA,1,,,,,,,
Killdeer,KILL,1,,,,,,,
King Rail,KIRA,1,,,,,,,
Ladder-backed Woodpecker,LBWO,1,,,,,,,
Lapland Longspur,LALO,1,,,,,,,
Lark Bunting,LARB,1,,,,,,,
Lark Sparrow,LASP,1,,,,,,,
Laughing Gull,LAGU,1,,,,,,,
Lazuli Bunting,LAZB,1,,,,,,,
Leach's Storm-Petrel,LESP,1,,,,,,,
Least Bittern,LEBI,1,,,,,,,
Least Flycatcher,LEFL,1,,,,,,,
Least Sandpiper,LESA,1,,,,,,,
Least Tern,LETE,1,,,,,,,
LeConte's Sparrow,LCSP,1,,,,,,,
Lesser Goldfinch,LEGO,1,,,,,,,
Lesser Nighthawk,LENI,1,,,,,,,
Lesser Scaup,LESC,1,,,,,,,
Lesser Yellowlegs,LEYE,1,,,,,,,
Lewis's Woodpecker,LEWO,1,,,,,,,
Lincoln's Sparrow,LISP,1,,,,,,,
Little Blue Heron,LBHE,1,,,,,,,
Loggerhead Shrike,LOSH,1,,,,,,,
Long-billed Curlew,LBCU,1,,,,,,,
Long-billed Dowitcher,LBDO,1,,,,,,,
Long-tailed Duck,LTDU,1,,,,,,,
Long-tailed Jaeger,LTJA,1,,,,,,,
Louisiana Waterthrush,LOWA,1,,,,,,,
Lucy's Warbler,LUWA,1,,,,,,,
MacGillivray's Warbler,MGWA,1,,,,,,,
Magnificent Frigatebird,MAFR,1,,,,,,,
Magnolia Warbler,MAWA,1,,,,,,,
Mallard,MALL,1,,,,,,,
Marbled Godwit,MAGO,1,,,,,,,
Marbled Murrelet,MAMU,1,,,,,,,
Marsh Wren,MAWR,1,,,,,,,
Merlin,MERL,1,,,,,,,
Mississippi Kite,MIKI,1,,,,,,,
Mottled Duck,MODU,1,,,,,,,
Mountain Bluebird,MOBL,1,,,,,,,
Mountain Chickadee,MOCH,1,,,,,,,
Mountain Quail,MOUQ,1,,,,,,,
Mourning Dove,MODO,1,,,,,,,
Mourning Warbler,MOWA,1,,,,,,,
Mute Swan,MUSW,1,,,,,,,
Nashville Warbler,NAWA,1,,,,,,,
Nelson's Sparrow,NESP,1,,,,,,,
Neotropic Cormorant,NECO,1,,,,,,,
Northern Bobwhite,NOBO,1,,,,,,,
Northern Cardinal,NOCA,1,,,,,,,
Northern Flicker,NOFL,1,,,,,,,
Northern Fulmar,NOFU,1,,,,,,,
Northern Gannet,NOGA,1,,,,,,,
Northern Harrier,NOHA,1,,,,,,,
Northern Mockingbird,NOMO,1,,,,,,,
Northern Parula,NOPA,1,,,,,,,
Northern Pintail,NOPI,1,,,,,,,
Northern Rough-winged Swallow,NRWS,1,,,,,,,
Northern Shoveler,NSHO,1,,,,,,,
Northern Shrike,NSHR,1,,,,,,,
Northern Waterthrush,NOWA,1,,,,,,,
Nuttall's Woodpecker,NUWO,1,,,,,,,
Oak Titmouse,OATI,1,,,,,,,
Olive-sided Flycatcher,OSFL,1,,,,,,,
Orange-crowned Warbler,OCWA,1,,,,,,,
Orchard Oriole,OROR,1,,,,,,,
Osprey,OSPR,1,,,,,,,
Ovenbird,OVEN,1,,,,,,,
Pacific Loon,PALO,1,,,,,,,
Pacific Wren,PAWR,1,,,,,,,
Painted Bunting,PABU,1,,,,,,,
Palm Warbler,PAWA,1,,,,,,,
Parasitic Jaeger,PAJA,1,,,,,,,
Pectoral Sandpiper,PESA,1,,,,,,,
Pelagic Cormorant,PECO,1,,,,,,,
Peregrine Falcon,PEFA,1,,,,,,,
Phainopepla,PHAI,1,,,,,,,
Philadelphia Vireo,PHVI,1,,,,,,,
Pied-billed Grebe,PBGR,1,,,,,,,
Pigeon Guillemot,PIGU,1,,,,,,,
Pileated Woodpecker,PIWO,1,,,,,,,
Pine Grosbeak,PIGR,1,,,,,,,
Pine Siskin,PISI,1,,,,,,,
Pine Warbler,PIWA,1,,,,,,,
Pink-footed Shearwater,PFSH,1,,,,,,,
Pinyon Jay,PIJA,1,,,,,,,
Plumbeous Vireo,PLVI,1,,,,,,,
Pomarine Jaeger,POJA,1,,,,,,,
Prairie Falcon,PRFA,1,,,,,,,
Prairie Warbler,PRAW,1,,,,,,,
Prothonotary Warbler,PROW,1,,,,,,,
Purple Finch,PUFI,1,,,,,,,
Purple Gallinule,PUGA,1,,,,,,,
Purple Martin,PUMA,1,,,,,,,
Purple Sandpiper,PUSA,1,,,,,,,
Pygmy Nuthatch,PYNU,1,,,,,,,
Pyrrhuloxia,PYRR,1,,,,,,,
Razorbill,RAZO,1,,,,,,,
Red Crossbill,RECR,1,,,,,,,
Red Knot,REKN,1,,,,,,,
Red Phalarope,REPH,1,,,,,,,
Red-bellied Woodpecker,RBWO,1,,,,,,,
Red-breasted Merganser,RBME,1,,,,,,,
Red-breasted Nuthatch,RBNU,1,,,,,,,
Red-breasted Sapsucker,RBSA,1,,,,,,,
Red-eyed Vireo,REVI,1,,,,,,,
Red-headed Woodpecker,RHWO,1,,,,,,,
Red-naped Sapsucker,RNSA,1,,,,,,,
Red-necked Grebe,RNGR,1,,,,,,,
Red-necked Phalarope,RNPH,1,,,,,,,
Red-shouldered Hawk,RSHA,1,,,,,,,
Red-tailed Hawk,RTHA,1,,,,,,,
Red-throated Loon,RTLO,1,,,,,,,
Red-winged Blackbird,RWBL,1,,,,,,,
Reddish Egret,REEG,1,,,,,,,
Redhead,REDH,1,,,,,,,
Rhinoceros Auklet,RHAU,1,,,,,,,
Ring-billed Gull,RBGU,1,,,,,,,
Ring-necked Duck,RNDU,1,,,,,,,
Ring-necked Pheasant,RNEP,1,,,,,,,
Rock Pigeon,ROPI,1,,,,,,,
Rock Wren,ROWR,1,,,,,,,
Rose-breasted Grosbeak,RBGR,1,,,,,,,
Roseate Spoonbill,ROSP,1,,,,,,,
Ross's Goose,ROGO,1,,,,,,,
Rough-legged Hawk,RLHA,1,,,,,,,
Royal Tern,ROYT,1,,,,,,,
Ruby-crowned Kinglet,RCKI,1,,,,,,,
Ruby-throated Hummingbird,RTHU,1,,,,,,,
Ruddy Duck,RUDU,1,,,,,,,
Ruddy Turnstone,RUTU,1,,,,,,,
Ruffed Grouse,RUGR,1,,,,,,,
Rufous Hummingbird,RUHU,1,,,,,,,
Rufous-crowned Sparrow,RCSP,1,,,,,,,
Rusty Blackbird,RUBL,1,,,,,,,
Sabine's Gull,SAGU,1,,,,,,,
Sage Thrasher,SATH,1,,,,,,,
Sagebrush Sparrow,SABS,1,,,,,,,
Saltmarsh Sparrow,SALS,1,,,,,,,
Sanderling,SAND,1,,,,,,,
Sandhill Crane,SACR,1,,,,,,,
Sandwich Tern,SATE,1,,,,,,,
Sargasso Shearwater,SASH,1,,,,,,,
Savannah Sparrow,SAVS,1,,,,,,,
Say's Phoebe,SAPH,1,,,,,,,
Scaled Quail,SCQU,1,,,,,,,
Scarlet Tanager,SCTA,1,,,,,,,
Scissor-tailed Flycatcher,STFL,1,,,,,,,
Scott's Oriole,SCOR,1,,,,,,,
Seaside Sparrow,SESP,1,,,,,,,
Sedge Wren,SEWR,1,,,,,,,
Semipalmated Plover,SEPL,1,,,,,,,
Semipalmated Sandpiper,SESA,1,,,,,,,
Sharp-shinned Hawk,SSHA,1,,,,,,,
Short-billed Dowitcher,SBDO,1,,,,,,,
Short-billed Gull,SBIG,1,,,,,,,
Short-eared Owl,SEOW,1,,,,,,,
Snow Bunting,SNBU,1,,,,,,,
Snow Goose,SNGO,1,,,,,,,
Snowy Egret,SNEG,1,,,,,,,
Snowy Plover,SNPL,1,,,,,,,
Solitary Sandpiper,SOSA,1,,,,,,,
Song Sparrow,SOSP,1,,,,,,,
Sooty Shearwater,SOSH,1,,,,,,,
Sora,SORA,1,,,,,,,
Spotted Sandpiper,SPSA,1,,,,,,,
Spotted Towhee,SPTO,1,,,,,,,
Steller's Jay,STJA,1,,,,,,,
Stilt Sandpiper,STSA,1,,,,,,,
Summer Tanager,SUTA,1,,,,,,,
Surf Scoter,SUSC,1,,,,,,,
Surfbird,SURF,1,,,,,,,
Swainson's Hawk,SWHA,1,,,,,,,
Swainson's Thrush,SWTH,1,,,,,,,
Swallow-tailed Kite,STKI,1,,,,,,,
Swamp Sparrow,SWSP,1,,,,,,,
Tennessee Warbler,TEWA,1,,,,,,,
Thick-billed Murre,TBMU,1,,,,,,,
Townsend's Solitaire,TOSO,1,,,,,,,
Townsend's Warbler,TOWA,1,,,,,,,
Tree Swallow,TRES,1,,,,,,,
Tricolored Heron,TRHE,1,,,,,,,
Trumpeter Swan,TRUS,1,,,,,,,
Tufted Puffin,TUPU,1,,,,,,,
Tufted Titmouse,TUTI,1,,,,,,,
Tundra Swan,TUSW,1,,,,,,,
Turkey Vulture,TUVU,1,,,,,,,
Upland Sandpiper,UPSA,1,,,,,,,
Varied Thrush,VATH,1,,,,,,,
Vaux's Swift,VASW,1,,,,,,,
Veery,VEER,1,,,,,,,
Verdin,VERD,1,,,,,,,
Vermilion Flycatcher,VEFL,1,,,,,,,
Vesper Sparrow,VESP,1,,,,,,,
Violet-green Swallow,VGSW,1,,,,,,,
Virginia Rail,VIRA,1,,,,,,,
Virginia's Warbler,VIWA,1,,,,,,,
Wandering Tattler,WATA,1,,,,,,,
Warbling Vireo,WAVI,1,,,,,,,
Western Bluebird,WEBL,1,,,,,,,
Western Cattle Egret,WECE,1,,,,,,,
Western Flycatcher,WEFL,1,,,,,,,
Western Grebe,WEGR,1,,,,,,,
Western Gull,WEGU,1,,,,,,,
Western Kingbird,WEKI,1,,,,,,,
Western Meadowlark,WEME,1,,,,,,,
Western Sandpiper,WESA,1,,,,,,,
Western Screech-Owl,WESO,1,,,,,,,
Western Tanager,WETA,1,,,,,,,
Western Wood-Pewee,WEWP,1,,,,,,,
Whimbrel,WHIM,1,,,,,,,
White Ibis,WHIB,1,,,,,,,
White-breasted Nuthatch,WBNU,1,,,,,,,
White-crowned Sparrow,WCSP,1,,,,,,,
White-eyed Vireo,WEVI,1,,,,,,,
White-faced Ibis,WFIB,1,,,,,,,
White-headed Woodpecker,WHWO,1,,,,,,,
White-rumped Sandpiper,WRSA,1,,,,,,,
White-tailed Kite,WTKI,1,,,,,,,
White-throated Sparrow,WTSP,1,,,,,,,
White-throated Swift,WTSW,1,,,,,,,
White-winged Dove,WWDO,1,,,,,,,
White-winged Scoter,WWSC,1,,,,,,,
Wild Turkey,WITU,1,,,,,,,
Willet,WILL,1,,,,,,,
Williamson's Sapsucker,WISA,1,,,,,,,
Willow Flycatcher,WIFL,1,,,,,,,
Wilson's Phalarope,WIPH,1,,,,,,,
Wilson's Plover,WIPL,1,,,,,,,
Wilson's Snipe,WISN,1,,,,,,,
Wilson's Storm-Petrel,WISP,1,,,,,,,
Wilson's Warbler,WIWA,1,,,,,,,
Winter Wren,WIWR,1,,,,,,,
Wood Duck,WODU,1,,,,,,,
Wood Stork,WOST,1,,,,,,,
Wood Thrush,WOTH,1,,,,,,,
Woodhouse's Scrub-Jay,WOSJ,1,,,,,,,
Worm-eating Warbler,WEWA,1,,,,,,,
Wrentit,WREN,1,,,,,,,
Yellow Warbler,YEWA,1,,,,,,,
Yellow-bellied Flycatcher,YBFL,1,,,,,,,
Yellow-bellied Sapsucker,YBSA,1,,,,,,,
Yellow-billed Cuckoo,YBCU,1,,,,,,,
Yellow-breasted Chat,YBCH,1,,,,,,,
Yellow-crowned Night Heron,YCNH,1,,,,,,,
Yellow-headed Blackbird,YHBL,1,,,,,,,
Yellow-rumped Warbler,YRWA,1,,,,,,,
Yellow-throated Vireo,YTVI,1,,,,,,,
Yellow-throated Warbler,YTWA,1,,,,,,,
African Silverbill,AFSI,1,,,,,,,
Akekee,AKEK,2,,,,,,,
Akiapolaau,AKIA,2,,,,,,,
Akikiki,AKIK,2,,,,,,,
Akohekohe,AKOH,2,,,,,,,
Aleutian Tern,ALTE,2,,,,,,,
Altamira Oriole,ALOR,2,,,,,,,
American Three-toed Woodpecker,ATTW,2,,,,,,,
Ancient Murrelet,ANMU,2,,,,,,,
Anianiau,ANIA,2,,,,,,,
Antillean Nighthawk,ANNI,2,,,,,,,
Apapane,APAP,2,,,,,,,
Arctic Warbler,ARWA,2,,,,,,,
Arizona Woodpecker,ARWO,2,,,,,,,
Ashy Storm-Petrel,ASSP,2,,,,,,,
Audubon's Oriole,AUOR,2,,,,,,,
Baird's Sparrow,BAIS,2,,,,,,,
Band-rumped Storm-Petrel,BSTP,2,,,,,,,
Bar-tailed Godwit,BTGO,2,,,,,,,
Bendire's Thrasher,BETH,2,,,,,,,
Bicknell's Thrush,BITH,2,,,,,,,
Black Francolin,BLFR,2,,,,,,,
Black Noddy,BLNO,2,,,,,,,
Black Rail,BLRA,2,,,,,,,
Black Rosy-Finch,BLRF,2,,,,,,,
Black Swift,BLSW,2,,,,,,,
Black-backed Woodpecker,BBWO,2,,,,,,,
Black-capped Petrel,BCPE,2,,,,,,,
Black-capped Vireo,BCVI,2,,,,,,,
Black-crested Titmouse,BCTI,2,,,,,,,
Black-headed Gull,BHGU,2,,,,,,,
Black-whiskered Vireo,BWVI,2,,,,,,,
Blue-throated Mountain-gem,BTMG,2,,,,,,,
Bluethroat,BLUE,2,,,,,,,
Bohemian Waxwing,BOWA,2,,,,,,,
Boreal Owl,BOOW,2,,,,,,,
Botteri's Sparrow,BOSP,2,,,,,,,
Bridled Tern,BRTE,2,,,,,,,
Bridled Titmouse,BRTI,2,,,,,,,
Bristle-thighed Curlew,BTCU,2,,,,,,,
Broad-billed Hummingbird,BBIH,2,,,,,,,
Brown Booby,BRBO,2,,,,,,,
Brown Noddy,BRNO,2,,,,,,,
Brown-capped Rosy-Finch,BCRF,2,,,,,,,
Buff-bellied Hummingbird,BBEH,2,,,,,,,
Buff-breasted Flycatcher,BBFL,2,,,,,,,
Buller's Shearwater,BULS,2,,,,,,,
California Condor,CACO,2,,,,,,,
California Gnatcatcher,CAGN,2,,,,,,,
California Thrasher,CATH,2,,,,,,,
Cassia Crossbill,CACR,2,,,,,,,
Cerulean Warbler,CERW,2,,,,,,,
Chestnut Munia,CHMU,2,,,,,,,
Chinese Hwamei (Hwamei),HWAM,2,,,,,,,
Chukar,CHUK,2,,,,,,,
Clay-colored Thrush,CCTH,2,,,,,,,
Cocos Booby,COBO,2,,,,,,,
Colima Warbler,COLW,2,,,,,,,
Common Black Hawk,COBH,2,,,,,,,
Common Myna,COMY,2,,,,,,,
Common Pauraque,COPA,2,,,,,,,
Common Waxbill,COMW,2,,,,,,,
Connecticut Warbler,CONW,2,,,,,,,
Couch's Kingbird,COKI,2,,,,,,,
Craveri's Murrelet,CRMU,2,,,,,,,
Crested Auklet,CRAU,2,,,,,,,
Crested Caracara,CRCA,2,,,,,,,
Crissal Thrasher,CRTH,2,,,,,,,
Dovekie,DOVE,2,,,,,,,
Dusky Grouse,DUGR,2,,,,,,,
Dusky-capped Flycatcher,DCFL,2,,,,,,,
Eastern Yellow Wagtail,EYWA,2,,,,,,,
Egyptian Goose,EGGO,2,,,,,,,
Elegant Trogon,ELTR,2,,,,,,,
Elf Owl,ELOW,2,,,,,,,
Emperor Goose,EMGO,2,,,,,,,
Erckel's Spurfowl (Francolin),ERFR,2,,,,,,,
Eurasian Skylark,EUSK,2,,,,,,,
Eurasian Tree Sparrow,ETSP,2,,,,,,,
Eurasian Wigeon,EUWI,2,,,,,,,
European Goldfinch,EGOL,2,,,,,,,
Five-striped Sparrow,FSSP,2,,,,,,,
Flammulated Owl,FLOW,2,,,,,,,
Florida Scrub-Jay,FLSJ,2,,,,,,,
Fork-tailed Storm-Petrel,FTSP,2,,,,,,,
Gilded Flicker,GIFL,2,,,,,,,
Golden-cheeked Warbler,GCWA,2,,,,,,,
Golden-winged Warbler,GWWA,2,,,,,,,
Gray Francolin,GRAF,2,,,,,,,
Gray Hawk,GRHA,2,,,,,,,
Gray Kingbird,GRAK,2,,,,,,,
Gray Partridge,GRAP,2,,,,,,,
Gray Vireo,GRVI,2,,,,,,,
Gray-backed Tern,GBAT,2,,,,,,,
Gray-headed (Purple) Swamphen,PUSW,2,,,,,,,
Great Frigatebird,GREF,2,,,,,,,
Great Gray Owl,GGOW,2,,,,,,,
Great Kiskadee,GKIS,2,,,,,,,
Greater Necklaced Laughingthrush,GNLA,2,,,,,,,
Greater Pewee,GRPE,2,,,,,,,
Greater Prairie-Chicken,GRPC,2,,,,,,,
Green Jay,GRJA,2,,,,,,,
Green Kingfisher,GKIN,2,,,,,,,
Green Parakeet,GREP,2,,,,,,,
Groove-billed Ani,GBAN,2,,,,,,,
Gunnison Sage-Grouse,GUSG,2,,,,,,,
Gyrfalcon,GYRF,2,,,,,,,
Hawaii Akepa,HAAK,2,,,,,,,
Hawaii Amakihi,HAAM,2,,,,,,,
Hawaii Creeper,HCRE,2,,,,,,,
Hawaii Elepaio,HAEL,2,,,,,,,
Hawaiian Coot,HACO,2,,,,,,,
Hawaiian Duck,HAWD,2,,,,,,,
Hawaiian Goose,HAGO,2,,,,,,,
Hawaiian Hawk,HAWH,2,,,,,,,
Hawaiian Petrel,HAPE,2,,,,,,,
Henslow's Sparrow,HESP,2,,,,,,,
Hepatic Tanager,HETA,2,,,,,,,
Himalayan Snowcock,HISN,2,,,,,,,
Iiwi,IIWI,2,,,,,,,
Indian Peafowl,INPE,2,,,,,,,
Island Scrub-Jay,ISSJ,2,,,,,,,
Japanese Bush Warbler,JABW,2,,,,,,,
Java Sparrow,JASP,2,,,,,,,
Kalij Pheasant,KAPH,2,,,,,,,
Kauai Amakihi,KAAM,2,,,,,,,
Kauai Elepaio,KAEL,2,,,,,,,
King Eider,KIEI,2,,,,,,,
Kirtland's Warbler,KIWA,2,,,,,,,
Kittlitz's Murrelet,KIMU,2,,,,,,,
Lavender Waxbill,LAVW,2,,,,,,,
Lawrence's Goldfinch,LAGO,2,,,,,,,
Laysan Albatross,LAAL,2,,,,,,,
Least Auklet,LEAU,2,,,,,,,
Least Grebe,LEGR,2,,,,,,,
Least Storm-Petrel,LSTP,2,,,,,,,
LeConte's Thrasher,LCTH,2,,,,,,,
Lesser Black-backed Gull,LBBG,2,,,,,,,
Lesser Prairie-Chicken,LEPC,2,,,,,,,
Lilac-crowned Amazon (Parrot),LCPA,2,,,,,,,
Limpkin,LIMP,2,,,,,,,
Little Gull,LIGU,2,,,,,,,
Long-billed Thrasher,LBTH,2,,,,,,,
Long-eared Owl,LEOW,2,,,,,,,
Lucifer Hummingbird,LUHU,2,,,,,,,
Mangrove Cuckoo,MACU,2,,,,,,,
Manx Shearwater,MASH,2,,,,,,,
Mariana Swiftlet,MASW,2,,,,,,,
Masked Booby,MABO,2,,,,,,,
Maui Alauahio,MAAL,2,,,,,,,
Maui Parrotbill,MAPA,2,,,,,,,
Mexican Chickadee,MECH,2,,,,,,,
Mexican Duck,MEDU,2,,,,,,,
Mexican Jay,MEJA,2,,,,,,,
Mexican Whip-poor-will,MWPW,2,,,,,,,
Mitred Parakeet,MIPA,2,,,,,,,
Monk Parakeet,MOPA,2,,,,,,,
Montezuma Quail,MONQ,2,,,,,,,
Mottled Petrel,MOPE,2,,,,,,,
Mountain Plover,MOPL,2,,,,,,,
Muscovy Duck,MUDU,2,,,,,,,
Nanday Parakeet,NAPA,2,,,,,,,
Newell's Shearwater,NESH,2,,,,,,,
Northern Beardless-Tyrannulet,NOBT,2,,,,,,,
Northern Hawk Owl,NHOW,2,,,,,,,
Northern Pygmy-Owl,NOPO,2,,,,,,,
Northern Saw-whet Owl,NSWO,2,,,,,,,
Northern Wheatear,NOWH,2,,,,,,,
Oahu Amakihi,OAAM,2,,,,,,,
Oahu Elepaio,OAEL,2,,,,,,,
Olive Sparrow,OLSP,2,,,,,,,
Olive Warbler,OLWA,2,,,,,,,
Omao,OMAO,2,,,,,,,
Pacific Golden-Plover,PAGP,2,,,,,,,
Painted Redstart,PARE,2,,,,,,,
Palila,PALI,2,,,,,,,
Parakeet Auklet,PAAU,2,,,,,,,
Piping Plover,PIPL,2,,,,,,,
Plain Chachalaca,PLCH,2,,,,,,,
Puaiohi,PUAI,2,,,,,,,
Red Avadavat,REAV,2,,,,,,,
Red Junglefowl,REJU,2,,,,,,,
Red-billed Leiothrix,RBLE,2,,,,,,,
Red-billed Pigeon,RBPI,2,,,,,,,
Red-cockaded Woodpecker,RCWO,2,,,,,,,
Red-crested Cardinal,RCCA,2,,,,,,,
Red-crowned Amazon (Parrot),RCPA,2,,,,,,,
Red-faced Cormorant,RFCO,2,,,,,,,
Red-faced Warbler,RFWA,2,,,,,,,
Red-footed Booby,RFBO,2,,,,,,,
Red-legged Kittiwake,RLKI,2,,,,,,,
Red-masked Parakeet,RMPA,2,,,,,,,
Red-tailed Tropicbird,RTTR,2,,,,,,,
Red-vented Bulbul,RVBU,2,,,,,,,
Red-whiskered Bulbul,RWBU,2,,,,,,,
Ridgway's Rail,RIRA,2,,,,,,,
Ringed Kingfisher,RIKI,2,,,,,,,
Rivoli's Hummingbird,RIHU,2,,,,,,,
Rock Ptarmigan,ROPT,2,,,,,,,
Rock Sandpiper,ROSA,2,,,,,,,
Rose-ringed Parakeet,RRPA,2,,,,,,,
Roseate Tern,ROST,2,,,,,,,
Rosy-faced Lovebird,RFLO,2,,,,,,,
Rufous-winged Sparrow,RWSP,2,,,,,,,
Saffron Finch,SAFI,2,,,,,,,
Scaly-breasted Munia,SBMU,2,,,,,,,
Scopoli's Shearwater,SCSH,2,,,,,,,
Scripps's Murrelet,SCMU,2,,,,,,,
Sharp-tailed Grouse,STGR,2,,,,,,,
Short-tailed Hawk,STHA,2,,,,,,,
Short-tailed Shearwater,STTS,2,,,,,,,
Smith's Longspur,SMLO,2,,,,,,,
Snail Kite,SNKI,2,,,,,,,
Snowy Owl,SNOW,2,,,,,,,
Sooty Grouse,SOGR,2,,,,,,,
Sooty Tern,SOTE,2,,,,,,,
South Polar Skua,SPSK,2,,,,,,,
Spectacled Eider,SPEI,2,,,,,,,
Spot-breasted Oriole,SBOR,2,,,,,,,
Spotted Dove,SPDO,2,,,,,,,
Spotted Owl,SPOW,2,,,,,,,
Sprague's Pipit,SPPI,2,,,,,,,
Spruce Grouse,SPGR,2,,,,,,,
Steller's Eider,STEI,2,,,,,,,
Sulphur-bellied Flycatcher,SBFL,2,,,,,,,
Swainson's Warbler,SWWA,2,,,,,,,
Thick-billed Kingbird,TBKI,2,,,,,,,
Thick-billed Longspur,TBLO,2,,,,,,,
Tricolored Blackbird,TRBL,2,,,,,,,
Tropical Kingbird,TRKI,2,,,,,,,
Varied Bunting,VABU,2,,,,,,,
Violet-crowned Hummingbird,VCHU,2,,,,,,,
Warbling White-eye,WAWE,2,,,,,,,
Wedge-tailed Shearwater,WTSH,2,,,,,,,
Whiskered Auklet,WHAU,2,,,,,,,
Whiskered Screech-Owl,WHSO,2,,,,,,,
White Tern,WHTT,2,,,,,,,
White-crowned Pigeon,WCPI,2,,,,,,,
White-rumped Shama,WRSH,2,,,,,,,
White-tailed Hawk,WTHA,2,,,,,,,
White-tailed Ptarmigan,WTPT,2,,,,,,,
White-tailed Tropicbird,WTTR,2,,,,,,,
White-tipped Dove,WTDO,2,,,,,,,
White-winged Crossbill,WWCR,2,,,,,,,
White-winged Parakeet,WWPA,2,,,,,,,
Whooping Crane,WHCR,2,,,,,,,
Willow Ptarmigan,WIPT,2,,,,,,,
Yellow Rail,YERA,2,,,,,,,
Yellow-billed Cardinal,YBCA,2,,,,,,,
Yellow-billed Loon,YBLO,2,,,,,,,
Yellow-billed Magpie,YBMA,2,,,,,,,
Yellow-chevroned Parakeet,YCPA,2,,,,,,,
Yellow-eyed Junco,YEJU,2,,,,,,,
Yellow-footed Gull,YFGU,2,,,,,,,
Yellow-fronted Canary,YFCA,2,,,,,,,
Zebra Dove,ZEBD,2,,,,,,,
Zone-tailed Hawk,ZTHA,2,,,,,,,
American Flamingo,AMFL,2,,,,,,,
Aplomado Falcon,APFA,3,,,,,,,
Arctic Loon,ARLO,3,,,,,,,
Barnacle Goose,BARG,3,,,,,,,
Bermuda Petrel,BEPE,3,,,,,,,
Berylline Hummingbird,BEHU,3,,,,,,,
Black-capped Gnatcatcher,BCGN,3,,,,,,,
Black-tailed Godwit,BLTG,3,,,,,,,
Black-winged Petrel,BWPE,3,,,,,,,
Blue-gray Noddy,BGNO,3,,,,,,,
Bonin Petrel,BOPE,3,,,,,,,
Brambling,BRAM,3,,,,,,,
Buff-collared Nightjar,BCNI,3,,,,,,,
Bulwer's Petrel,BUPE,3,,,,,,,
Chestnut-bellied Sandgrouse,CBSA,3,,,,,,,
Christmas Shearwater,CHSH,3,,,,,,,
Common Cuckoo,COCU,3,,,,,,,
Common Greenshank,COMG,3,,,,,,,
Common Gull,COGU,3,,,,,,,
Common Pochard,COMP,3,,,,,,,
Common Ringed Plover,CRPL,3,,,,,,,
Common Sandpiper,COSA,3,,,,,,,
Common Snipe,COSN,3,,,,,,,
Cook's Petrel,COPE,3,,,,,,,
Curlew Sandpiper,CUSA,3,,,,,,,
Eyebrowed Thrush,EYTH,3,,,,,,,
Fea's Petrel,FEPE,3,,,,,,,
Ferruginous Pygmy-Owl,FEPO,3,,,,,,,
Flame-colored Tanager,FCTA,3,,,,,,,
Flesh-footed Shearwater,FFSH,3,,,,,,,
Fork-tailed Flycatcher,FTFL,3,,,,,,,
Gray-headed Chickadee,GHCH,3,,,,,,,
Gray-tailed Tattler,GTTA,3,,,,,,,
Great Skua,GRSK,3,,,,,,,
Guadalupe Murrelet,GUMU,3,,,,,,,
Hook-billed Kite,HBKI,3,,,,,,,
Island Canary,ISCA,3,,,,,,,
Ivory Gull,IVGU,3,,,,,,,
Juan Fernandez Petrel,JFPE,3,,,,,,,
La Sagra's Flycatcher,LSFL,3,,,,,,,
Laysan Duck,LAYD,3,,,,,,,
Laysan Finch,LAFI,3,,,,,,,
Little Stint,LIST,3,,,,,,,
Long-toed Stint,LTST,3,,,,,,,
Masked Duck,MADU,3,,,,,,,
McKay's Bunting,MKBU,3,,,,,,,
Mexican Violetear,MEVI,3,,,,,,,
Millerbird,MILL,3,,,,,,,
Morelet's Seedeater,MOSE,3,,,,,,,
Murphy's Petrel,MUPE,3,,,,,,,
Nazca Booby,NABO,3,,,,,,,
Nihoa Finch,NIFI,3,,,,,,,
Olive-backed Pipit,OBPI,3,,,,,,,
Pink-footed Goose,PFGO,3,,,,,,,
Red-billed Tropicbird,RBTR,3,,,,,,,
Red-necked Stint,RNST,3,,,,,,,
Red-throated Pipit,RTPI,3,,,,,,,
Rose-throated Becard,RTBE,3,,,,,,,
Ross's Gull,ROGU,3,,,,,,,
Ruddy Ground Dove,RGDO,3,,,,,,,
Ruff,RUFF,3,,,,,,,
Rufous-backed Robin,RBRO,3,,,,,,,
Rufous-capped Warbler,RCWA,3,,,,,,,
Rustic Bunting,RUBU,3,,,,,,,
Sharp-tailed Sandpiper,SPTS,3,,,,,,,
Shiny Cowbird,SHCO,3,,,,,,,
Short-tailed Albatross,STAL,3,,,,,,,
Siberian Pipit,SIPI,3,,,,,,,
Siberian Rubythroat,SIRU,3,,,,,,,
Siberian Sand-Plover,SISP,3,,,,,,,
Slaty-backed Gull,SBAG,3,,,,,,,
Smew,SMEW,3,,,,,,,
Smooth-billed Ani,SBAN,3,,,,,,,
Stejneger's Scoter,STSC,3,,,,,,,
Taiga Bean-Goose,TABG,3,,,,,,,
Temminck's Stint,TEST,3,,,,,,,
Terek Sandpiper,TESA,3,,,,,,,
Townsend's Storm-Petrel,TOSP,3,,,,,,,
Trindade Petrel,TRPE,3,,,,,,,
Tristram's Storm-Petrel,TRSP,3,,,,,,,
Tropical Parula,TRPA,3,,,,,,,
Tufted Duck,TUDU,3,,,,,,,
Tundra Bean-Goose,TUBG,3,,,,,,,
Vega Gull (Herring Gull),VEGU,3,,,,,,,
Western Spindalis,WESP,3,,,,,,,
White Wagtail,WHWA,3,,,,,,,
White-eared Hummingbird,WEHU,3,,,,,,,
White-faced Storm-Petrel,WFSP,3,,,,,,,
White-necked Petrel,WNPE,3,,,,,,,
Whooper Swan,WHOS,3,,,,,,,
Wood Sandpiper,WOSA,3,,,,,,,
Yellow-faced Grassquit,YFGR,3,,,,,,,
Yellow-green Vireo,YGVI,3,,,,,,,
Amur (Asian) Stonechat,ASST,3,,,,,,,
Asian Brown Flycatcher,ABFL,4,,,,,,,
Atlantic Yellow-nosed (Yellow-nosed) Albatross,YNAL,4,,,,,,,
Aztec Thrush,AZTH,4,,,,,,,
Bahama Mockingbird,BAMO,4,,,,,,,
Bahama Swallow,BAHS,4,,,,,,,
Baikal Teal,BATE,4,,,,,,,
Bananaquit,BANA,4,,,,,,,
Barolo Shearwater,BASH,4,,,,,,,
Black-browed Albatross,BBAL,4,,,,,,,
Black-faced Grassquit,BFGR,4,,,,,,,
Black-tailed Gull,BTGU,4,,,,,,,
Black-vented Oriole,BVOR,4,,,,,,,
Blue Bunting,BLBU,4,,,,,,,
Blue-footed Booby,BFBO,4,,,,,,,
Broad-billed Sandpiper,BBIS,4,,,,,,,
Brown Jay,BRJA,4,,,,,,,
Brown Shrike,BROS,4,,,,,,,
Brown-chested Martin,BCMA,4,,,,,,,
Common Chaffinch,CCHA,4,,,,,,,
Common Chiffchaff,CCHI,4,,,,,,,
Common Crane,CCRA,4,,,,,,,
Common Redshank,CREH,4,,,,,,,
Common Rosefinch,CORO,4,,,,,,,
Common Shelduck,COMS,4,,,,,,,
Common Swift,COSW,4,,,,,,,
Corn Crake,CORC,4,,,,,,,
Crescent-chested Warbler,CCWA,4,,,,,,,
Crimson-collared Grosbeak,CCGR,4,,,,,,,
Cuban Pewee,CUPE,4,,,,,,,
Dark-sided Flycatcher,DSFL,4,,,,,,,
Dusky Thrush,DUTH,4,,,,,,,
Dusky Warbler,DUWA,4,,,,,,,
Eared Quetzal,EAQU,4,,,,,,,
Eastern Spot-billed Duck,ESBD,4,,,,,,,
Eurasian Bullfinch,EUBU,4,,,,,,,
Eurasian Dotterel,EUDO,4,,,,,,,
Eurasian Hobby,EHOB,4,,,,,,,
Eurasian Jackdaw,EUJA,4,,,,,,,
Eurasian Kestrel,EUKE,4,,,,,,,
Eurasian Oystercatcher,EUOY,4,,,,,,,
European Golden-Plover,EUGP,4,,,,,,,
European Storm-Petrel,EUSP,4,,,,,,,
Falcated Duck,FADU,4,,,,,,,
Fan-tailed Warbler,FTWA,4,,,,,,,
Far Eastern Curlew,FECU,4,,,,,,,
Fieldfare,FIEL,4,,,,,,,
Garganey,GARG,4,,,,,,,
Golden-crowned Warbler,GCRW,4,,,,,,,
Gray Heron,GRAH,4,,,,,,,
Gray Wagtail,GRAW,4,,,,,,,
Gray-crowned Yellowthroat,GCYE,4,,,,,,,
Gray-streaked Flycatcher,GSFL,4,,,,,,,
Great Knot,GRKN,4,,,,,,,
Great Spotted Woodpecker,GSWO,4,,,,,,,
Green Sandpiper,GRSA,4,,,,,,,
Green-breasted Mango,GNBM,4,,,,,,,
Hawfinch,HAWF,4,,,,,,,
Herald Petrel,HEPE,4,,,,,,,
Jabiru,JABI,4,,,,,,,
Jack Snipe,JASN,4,,,,,,,
Kamchatka Leaf Warbler,KLWA,4,,,,,,,
Kelp Gull,KEGU,4,,,,,,,
Kermadec Petrel,KEPE,4,,,,,,,
Key West Quail-Dove,KWQD,4,,,,,,,
Lanceolated Warbler,LANW,4,,,,,,,
Lesser Frigatebird,LEFR,4,,,,,,,
Little Bunting,LIBU,4,,,,,,,
Little Egret,LIEG,4,,,,,,,
Little Tern,LITE,4,,,,,,,
Long-billed Murrelet,LBMU,4,,,,,,,
Marsh Sandpiper,MASA,4,,,,,,,
Middendorff's Grasshopper Warbler,MGRW,4,,,,,,,
Northern Jacana,NOJA,4,,,,,,,
Northern Lapwing,NOLA,4,,,,,,,
Nutting's Flycatcher,NUFL,4,,,,,,,
Oriental Cuckoo,ORCU,4,,,,,,,
Oriental Greenfinch,ORGR,4,,,,,,,
Oriental Turtle-Dove,ORTD,4,,,,,,,
Pacific (Fork-tailed) Swift,FTSW,4,,,,,,,
Pallas's Bunting,PALB,4,,,,,,,
Pechora Pipit,PEPI,4,,,,,,,
Pin-tailed Snipe,PTSN,4,,,,,,,
Piratic Flycatcher,PIRF,4,,,,,,,
Plain-capped Starthroat,PCST,4,,,,,,,
Providence Petrel,PRPE,4,,,,,,,
Red-flanked Bluetail,RFBL,4,,,,,,,
Red-legged Honeycreeper,RLHO,4,,,,,,,
Redwing,REDW,4,,,,,,,
Reed Bunting,REBU,4,,,,,,,
Roadside Hawk,ROHA,4,,,,,,,
Ruddy Quail-Dove,RUQD,4,,,,,,,
Rufous-tailed Robin,RTRO,4,,,,,,,
Siberian Accentor,SIAC,4,,,,,,,
Siberian House-Martin,SIHM,4,,,,,,,
Slate-throated Redstart,STRE,4,,,,,,,
Spoon-billed Sandpiper,SBSA,4,,,,,,,
Spotted Redshank,SPRE,4,,,,,,,
Stejneger's Petrel,STPE,4,,,,,,,
Steller's Sea-Eagle,STSE,4,,,,,,,
Streak-backed Oriole,SBAO,4,,,,,,,
Streaked Shearwater,STRS,4,,,,,,,
Taiga Flycatcher,TAFL,4,,,,,,,
Tamaulipas Crow,TACR,4,,,,,,,
Thick-billed Vireo,TBVI,4,,,,,,,
Tree Pipit,TRPI,4,,,,,,,
Tricolored Munia,TRMU,4,,,,,,,
Tufted Flycatcher,TUFL,4,,,,,,,
Variegated Flycatcher,VAFL,4,,,,,,,
Wedge-rumped Storm-Petrel,WRSP,4,,,,,,,
White-capped Albatross,WCAL,4,,,,,,,
White-cheeked Pintail,WCHP,4,,,,,,,
White-collared Swift,WCSW,4,,,,,,,
White-tailed Eagle,WTEA,4,,,,,,,
White-throated Thrush,WTTH,4,,,,,,,
White-winged Tern,WWTE,4,,,,,,,
Willow Warbler,WILW,4,,,,,,,
Wood Warbler,WOWA,4,,,,,,,
Yellow Grosbeak,YEGR,4,,,,,,,
Yellow-breasted Bunting,YBSB,4,,,,,,,
Yellow-browed Warbler,YBWA,4,,,,,,,
Yellow-legged Gull,YLGU,4,,,,,,,
Zenaida Dove,ZEND,4,,,,,,,
Ainley's Storm-Petrel,AISP,4,,,,,,,
Amazon Kingfisher,AMKI,5,,,,,,,
Amethyst-throated Mountain-gem,ATMG,5,,,,,,,
Antillean Palm Swift (Palm-Swift),ANPS,5,,,,,,,
Asian Rosy-Finch,ASRF,5,,,,,,,
Bahama Woodstar,BAWO,5,,,,,,,
Bare-throated Tiger-Heron,BTTH,5,,,,,,,
Bat Falcon,BAFA,5,,,,,,,
Belcher's Gull,BEGU,5,,,,,,,
Black Kite,BLAK,5,,,,,,,
Black-backed Oriole,BBOR,5,,,,,,,
Black-bellied Storm-Petrel,BBSP,5,,,,,,,
Black-headed Nightingale-Thrush,BHNT,5,,,,,,,
Black-winged Stilt,BWST,5,,,,,,,
Blue Mockingbird,BLMO,5,,,,,,,
Blue Rock-Thrush (Rock-thrush),BLRT,5,,,,,,,
Blue-and-white Swallow,BAWS,5,,,,,,,
Blue-black Grassquit,BGRA,5,,,,,,,
Blyth's Reed Warbler,BREW,5,,,,,,,
Brown-backed Solitaire,BBSO,5,,,,,,,
Bryan's Shearwater,BRYS,5,,,,,,,
Bumblebee Hummingbird,BUHU,5,,,,,,,
Cape Verde Shearwater,CVSH,5,,,,,,,
Chatham Albatross,CHAL,5,,,,,,,
Chinese Egret,CHEG,5,,,,,,,
Chinese Pond-Heron,CHPH,5,,,,,,,
Chinese Sparrowhawk,CHIS,5,,,,,,,
Cinnamon Hummingbird,CIHU,5,,,,,,,
Citrine Wagtail,CIWA,5,,,,,,,
Collared Forest-Falcon,COFF,5,,,,,,,
Collared Plover,COPL,5,,,,,,,
Common Redstart,CRET,5,,,,,,,
Common Scoter,COSC,5,,,,,,,
Common Wood-Pigeon (Wood Pigeon),CWPI,5,,,,,,,
Crane Hawk,CRHA,5,,,,,,,
Crowned Slaty Flycatcher,CSFL,5,,,,,,,
Cuban Martin,CUMA,5,,,,,,,
Cuban Vireo,CUVI,5,,,,,,,
Dark-billed Cuckoo,DBCU,5,,,,,,,
Double-striped Thick-knee,DSTK,5,,,,,,,
Double-toothed Kite,DTKI,5,,,,,,,
Eastern Cattle-Egret,EACE,5,,,,,,,
Eurasian (Common) Moorhen,COMO,5,,,,,,,
Eurasian Blackbird,EUBB,5,,,,,,,
Eurasian Coot,EUCO,5,,,,,,,
Eurasian Curlew,EUCU,5,,,,,,,
Eurasian Hoopoe,EHOO,5,,,,,,,
Eurasian Siskin,EUSI,5,,,,,,,
Eurasian Sparrowhawk,ESPA,5,,,,,,,
Eurasian Woodcock,EUWO,5,,,,,,,
Eurasian Wryneck,EUWR,5,,,,,,,
European Robin,EURO,5,,,,,,,
European Turtle-Dove,EUTD,5,,,,,,,
Gray Bunting,GRBU,5,,,,,,,
Gray Gull,GRGU,5,,,,,,,
Gray Nightjar,GRNI,5,,,,,,,
Gray Silky-flycatcher,GRSF,5,,,,,,,
Gray-breasted Martin,GYBM,5,,,,,,,
Gray-collared Becard,GCBE,5,,,,,,,
Gray-faced Petrel,GFPE,5,,,,,,,
Gray-hooded Gull,GHGU,5,,,,,,,
Graylag Goose,GRGO,5,,,,,,,
Great Black Hawk,GBHA,5,,,,,,,
Great Crested Tern,GCTE,5,,,,,,,
Greater Sand-Plover,GSAP,5,,,,,,,
Greenish Elaenia,GREL,5,,,,,,,
Hooded Crane,HOCR,5,,,,,,,
Icterine Warbler,ICWA,5,,,,,,,
Inca Tern,INTE,5,,,,,,,
Jouanin's Petrel,JOPE,5,,,,,,,
Kentish Plover,KEPL,5,,,,,,,
Large-billed Tern,LBTE,5,,,,,,,
Lesser White-fronted Goose,LWFG,5,,,,,,,
Lesser Whitethroat,LEWH,5,,,,,,,
Light-mantled Albatross,LMAL,5,,,,,,,
Little Curlew,LICU,5,,,,,,,
Little Ringed Plover,LRPL,5,,,,,,,
Loggerhead Kingbird,LOKI,5,,,,,,,
Long-legged Buzzard,LLBU,5,,,,,,,
Mangrove Swallow,MANS,5,,,,,,,
Masked Tityra,MATI,5,,,,,,,
Medium Egret,MEEG,5,,,,,,,
Mistle Thrush,MITH,5,,,,,,,
Mottled Owl,MOOW,5,,,,,,,
Mugimaki Flycatcher,MUFL,5,,,,,,,
Narcissus Flycatcher,NAFL,5,,,,,,,
Naumann's Thrush,NATH,5,,,,,,,
Northern Boobook,NOBB,5,,,,,,,
Northern Giant-Petrel,NOGP,5,,,,,,,
Orange-billed Nightingale-Thrush,OBNT,5,,,,,,,
Oriental Pratincole,ORPR,5,,,,,,,
Oriental Scops-Owl,ORSO,5,,,,,,,
Paint-billed Crake,PBCR,5,,,,,,,
Pallas's Grasshopper Warbler,PGWA,5,,,,,,,
Pallas's Gull,PAGU,5,,,,,,,
Pallas's Leaf Warbler,PLEW,5,,,,,,,
Pallas's Rosefinch,PARO,5,,,,,,,
Parkinson's Petrel,PAPE,5,,,,,,,
Pied Wheatear,PIWH,5,,,,,,,
Pine Bunting,PIBU,5,,,,,,,
Pine Flycatcher,PINF,5,,,,,,,
Red-backed Shrike,RBSH,5,,,,,,,
Red-footed Falcon,RFFA,5,,,,,,,
Red-legged Thrush,RLTH,5,,,,,,,
Ringed Storm-Petrel,RISP,5,,,,,,,
River Warbler,RIWA,5,,,,,,,
Rufous-necked Wood-Rail,RNWR,5,,,,,,,
Rufous-tailed Rock-Thrush,RTRT,5,,,,,,,
Salvin's Albatross,SAAL,5,,,,,,,
Scaly-naped Pigeon,SNPI,5,,,,,,,
Scarlet Ibis,SCIB,5,,,,,,,
Sedge Warbler,SEWA,5,,,,,,,
Siberian Blue Robin,SBRO,5,,,,,,,
Sinaloa Wren,SIWR,5,,,,,,,
Slender-billed Curlew,SBCU,5,,,,,,,
Small-billed Elaenia,SBEL,5,,,,,,,
Social Flycatcher,SOFL,5,,,,,,,
Solitary Snipe,SOSN,5,,,,,,,
Song Thrush,SOTH,5,,,,,,,
Southern Lapwing,SOLA,5,,,,,,,
Southern Martin,SOMA,5,,,,,,,
Spotted Flycatcher,SPFL,5,,,,,,,
Spotted Rail,SPRA,5,,,,,,,
Stygian Owl,STOW,5,,,,,,,
Sungrebe,SUNG,5,,,,,,,
Swallow-tailed Gull,STGU,5,,,,,,,
Swinhoe's Storm-Petrel,SSTP,5,,,,,,,
Tahiti Petrel,TAPE,5,,,,,,,
Tawny-shouldered Blackbird,TSBL,5,,,,,,,
Thick-billed Parrot,TBPA,5,,,,,,,
Thick-billed Warbler,TBWA,5,,,,,,,
Wandering Albatross (sp.),WAAL,5,,,,,,,
Western Marsh Harrier,WMHA,5,,,,,,,
Western Reef-Heron,WERH,5,,,,,,,
Whiskered Tern,WHST,5,,,,,,,
White-chinned Petrel,WCPE,5,,,,,,,
White-crested Elaenia,WCEL,5,,,,,,,
White-throated Needletail,WTNE,5,,,,,,,
Worthen's Sparrow,WOSP,5,,,,,,,
Xantus's Hummingbird,XAHU,5,,,,,,,
Yellow Bittern,YEBI,5,,,,,,,
Yellow-browed Bunting,YBWB,5,,,,,,,
Yellow-headed Caracara,YHCA,5,,,,,,,
Yellow-throated Bunting,YTBU,5,,,,,,,
Yucatan Vireo,YUVI,5,,,,,,,
Zino's Petrel,ZIPE,5,,,,,,,
African Collared-Dove (1969-1994),AFCD,5,,,,,,,
Amaui,AMAU,6,6,6,6,6,6,6,6
"Bachman's Warbler (extinct, 1937)",BAWA,6,6,6,6,6,6,6,6
Bishop's Oo,BIOO,6,6,6,6,6,6,6,6
Black Mamo,BLMA,6,6,6,6,6,6,6,6
Blue-gray Tanager (1969-1982),BGTA,6,6,6,6,6,6,6,6
Budgerigar (1975-2015),BUDG,6,6,6,6,6,6,6,6
"Carolina Parakeet (extinct, 1939)",CAPA,6,6,6,6,6,6,6,6
Crested Myna (1969-2003),CRMY,6,6,6,6,6,6,6,6
"Eskimo Curlew (extinct, 1962)",ESCU,6,6,6,6,6,6,6,6
"Great Auk (extinct, 1844)",GRAU,6,6,6,6,6,6,6,6
Greater Amakihi,GRAM,6,6,6,6,6,6,6,6
Greater Koa-Finch,GRKF,6,6,6,6,6,6,6,6
Hawaii Mamo,HAMA,6,6,6,6,6,6,6,6
Hawaii Oo,HAOO,6,6,6,6,6,6,6,6
Hawaiian Crow,HCRO,6,6,6,6,6,6,6,6
Hawaiian Rail,HARA,6,6,6,6,6,6,6,6
"Ivory-billed Woodpecker (extinct, 1944)",IBWO,6,6,6,6,6,6,6,6
Kakawahie,KAKA,6,6,6,6,6,6,6,6
Kamao,KAMA,6,6,6,6,6,6,6,6
Kauai Akialoa,KAAK,6,6,6,6,6,6,6,6
Kauai Nukupuu,KANU,6,6,6,6,6,6,6,6
Kauai Oo,KAOO,6,6,6,6,6,6,6,6
Kioea,KIOE,6,6,6,6,6,6,6,6
Kona Grosbeak,KOGR,6,6,6,6,6,6,6,6
"Labrador Duck (extinct, 1858)",LABD,6,6,6,6,6,6,6,6
Lanai Hookbill,LANH,6,6,6,6,6,6,6,6
Laysan Honeycreeper,LAYH,6,6,6,6,6,6,6,6
Laysan Rail,LARA,6,6,6,6,6,6,6,6
Lesser Akialoa,LEAK,6,6,6,6,6,6,6,6
Lesser Koa-Finch,LEKF,6,6,6,6,6,6,6,6
Maui Akepa,MAAK,6,6,6,6,6,6,6,6
Maui Nukupuu,MANU,6,6,6,6,6,6,6,6
Maui-nui Akialoa,MNAK,6,6,6,6,6,6,6,6
Oahu Akepa,OAKE,6,6,6,6,6,6,6,6
Oahu Akialoa,OAKI,6,6,6,6,6,6,6,6
Oahu Alauahio,OAAL,6,6,6,6,6,6,6,6
Oahu Nukupuu,OANU,6,6,6,6,6,6,6,6
Oahu Oo,OAOO,6,6,6,6,6,6,6,6
Olomao,OLOM,6,6,6,6,6,6,6,6
Ou,OU,6,6,6,6,6,6,6,6
"Passenger Pigeon (extinct, 1914)",PAPI,6,6,6,6,6,6,6,6
Poo-uli,POUL,6,6,6,6,6,6,6,6
Ula-ai-hawane,UAIH,6,6,6,6,6,6,6,6
Yellow-headed Amazon (Parrot) (1975-1982),YHPA,6,6,6,6,6,6,6,6
